{
  "final_loss": 4.367295742034912,
  "best_loss": 4.367295742034912,
  "exp_id": "dyn_patch_dynamic_smoke_test"
}