{
  "final_loss": 2.668868064880371,
  "best_loss": 2.668868064880371,
  "exp_id": "ent_smoke_0.0",
  "entropy_weight": 0.0
}