{
  "1": {
    "init": 5.569649696350098,
    "mid": 2.5757381916046143,
    "final": 2.3712313175201416,
    "gate_sigmoid_mean": 0.5025635957717896
  },
  "4": {
    "init": 5.594359874725342,
    "mid": 2.576385498046875,
    "final": 2.189398765563965,
    "gate_sigmoid_mean": 0.5093387961387634
  },
  "8": {
    "init": 5.6811604499816895,
    "mid": 2.6272470951080322,
    "final": 2.350367307662964,
    "gate_sigmoid_mean": 0.505124568939209
  }
}