{
  "final_accuracy": 0.046875,
  "best_accuracy": 0.03125,
  "total_steps": 5000,
  "elapsed_s": 322.9,
  "params": 117578,
  "git_hash": "bb44c04cce19ff46796a9ab8722361e105e7fceb"
}