{
  "final_loss": 2.6870524883270264,
  "best_loss": 2.6870524883270264,
  "exp_id": "ent_smoke_0.01",
  "entropy_weight": 0.01
}