{
  "final_loss": 4.548217296600342,
  "best_loss": 4.548217296600342,
  "exp_id": "adapt_ent_smoke_test",
  "entropy_weight": 0.01
}