{
  "final_loss": 4.339780807495117,
  "best_loss": 4.339780807495117,
  "exp_id": "dyn_patch_fixed_smoke_test"
}