{
  "final_accuracy": 0.0234375,
  "best_accuracy": 0.015625,
  "total_steps": 50,
  "elapsed_s": 13.6,
  "params": 662474,
  "git_hash": "c606ed2a0caf19615e7f00af945794461c15b473"
}