arm,exact_acc,digit_acc
passes_1,0.003294,0.003294
passes_2,0.003294,0.003294
passes_4,0.003294,0.003294
layer_insert_ln_out,0.003255,0.003255
