{
  "final_accuracy": 0.7109375,
  "best_accuracy": 0.671875,
  "total_steps": 2000,
  "elapsed_s": 75.1,
  "params": 117578,
  "git_hash": "7479097b9a302e0aeb903a4e6e747a4921d121b2"
}