arm,exact_acc,digit_acc
passes_1,0.003399,0.003399
passes_2,0.003399,0.003399
passes_3,0.003399,0.003399
passes_4,0.003399,0.003399
layer_insert_head,0.0,0.0
