{
  "final_loss": 6.533232688903809,
  "best_loss": 6.533232688903809,
  "exp_id": "tok_byte_token_smoke_test"
}