{
  "final_loss": 4.356919288635254,
  "best_loss": 4.356919288635254,
  "exp_id": "tok_byte_byte_smoke_test"
}